Month,P30,P70,Wbar
1,74.624,74.818,74.70444444444445
2,74.694,74.94200000000001,74.80555555555556
3,74.714,74.97,74.83888888888889
4,74.866,75.134,75.00333333333333
5,74.982,75.32000000000001,75.21666666666667
6,75.05199999999999,75.262,75.27111111111111
7,75.072,75.198,75.21222222222222
8,74.92999999999999,75.086,75.05222222222223
9,74.756,74.886,74.84333333333333
10,74.602,74.688,74.66666666666667
11,74.512,74.612,74.61333333333333
12,74.464,74.67399999999999,74.58888888888889
